Entity,Code,Year,Population (historical estimates)
Afghanistan,AFG,2014,32716214
Afghanistan,AFG,2015,33753500
Afghanistan,AFG,2016,34636212
Afghanistan,AFG,2017,35643420
Afghanistan,AFG,2018,36686788
Afghanistan,AFG,2019,37769496
Afghanistan,AFG,2020,38972236
Afghanistan,AFG,2021,40099460
Albania,ALB,2014,2884100
Albania,ALB,2015,2882482
Albania,ALB,2016,2881064
Albania,ALB,2017,2879361
Albania,ALB,2018,2877019
Albania,ALB,2019,2873883
Albania,ALB,2020,2866850
Albania,ALB,2021,2854710
Algeria,DZA,2014,38760168
Algeria,DZA,2015,39543148
Algeria,DZA,2016,40339328
Algeria,DZA,2017,41136548
Algeria,DZA,2018,41927008
Algeria,DZA,2019,42705372
Algeria,DZA,2020,43451668
Algeria,DZA,2021,44177964
American Samoa,ASM,2014,52234
American Samoa,ASM,2015,51391
American Samoa,ASM,2016,50468
American Samoa,ASM,2017,49486
American Samoa,ASM,2018,48445
American Samoa,ASM,2019,47341
American Samoa,ASM,2020,46216
American Samoa,ASM,2021,45056
Andorra,AND,2014,71644
Andorra,AND,2015,71766
Andorra,AND,2016,72563
Andorra,AND,2017,73853
Andorra,AND,2018,75034
Andorra,AND,2019,76361
Andorra,AND,2020,77723
Andorra,AND,2021,79057
Angola,AGO,2014,27128340
Angola,AGO,2015,28127724
Angola,AGO,2016,29154742
Angola,AGO,2017,30208634
Angola,AGO,2018,31273538
Angola,AGO,2019,32353592
Angola,AGO,2020,33428490
Angola,AGO,2021,34503776
Anguilla,AIA,2014,14143
Anguilla,AIA,2015,14554
Anguilla,AIA,2016,14842
Anguilla,AIA,2017,15040
Anguilla,AIA,2018,15201
Anguilla,AIA,2019,15408
Anguilla,AIA,2020,15612
Anguilla,AIA,2021,15779
Antigua and Barbuda,ATG,2014,89252
Antigua and Barbuda,ATG,2015,89958
Antigua and Barbuda,ATG,2016,90575
Antigua and Barbuda,ATG,2017,91133
Antigua and Barbuda,ATG,2018,91644
Antigua and Barbuda,ATG,2019,92127
Antigua and Barbuda,ATG,2020,92672
Antigua and Barbuda,ATG,2021,93229
Argentina,ARG,2014,42824064
Argentina,ARG,2015,43257064
Argentina,ARG,2016,43668236
Argentina,ARG,2017,44054616
Argentina,ARG,2018,44413592
Argentina,ARG,2019,44745516
Argentina,ARG,2020,45036032
Argentina,ARG,2021,45276788
Armenia,ARM,2014,2889937
Armenia,ARM,2015,2878598
Armenia,ARM,2016,2865841
Armenia,ARM,2017,2851929
Armenia,ARM,2018,2836563
Armenia,ARM,2019,2820604
Armenia,ARM,2020,2805610
Armenia,ARM,2021,2790971
Aruba,ABW,2014,103607
Aruba,ABW,2015,104269
Aruba,ABW,2016,104890
Aruba,ABW,2017,105454
Aruba,ABW,2018,105980
Aruba,ABW,2019,106458
Aruba,ABW,2020,106597
Aruba,ABW,2021,106543
Australia,AUS,2014,23469578
Australia,AUS,2015,23820240
Australia,AUS,2016,24195706
Australia,AUS,2017,24590336
Australia,AUS,2018,24979228
Australia,AUS,2019,25357168
Australia,AUS,2020,25670052
Australia,AUS,2021,25921094
Austria,AUT,2014,8546066
Austria,AUT,2015,8642422
Austria,AUT,2016,8736491
Austria,AUT,2017,8797497
Austria,AUT,2018,8840518
Austria,AUT,2019,8879939
Austria,AUT,2020,8907780
Austria,AUT,2021,8922086
Azerbaijan,AZE,2014,9741879
Azerbaijan,AZE,2015,9863485
Azerbaijan,AZE,2016,9976254
Azerbaijan,AZE,2017,10071569
Azerbaijan,AZE,2018,10152524
Azerbaijan,AZE,2019,10232761
Azerbaijan,AZE,2020,10284952
Azerbaijan,AZE,2021,10312992
Bahamas,BHS,2014,389137
Bahamas,BHS,2015,392707
Bahamas,BHS,2016,395986
Bahamas,BHS,2017,399027
Bahamas,BHS,2018,401911
Bahamas,BHS,2019,404563
Bahamas,BHS,2020,406478
Bahamas,BHS,2021,407920
Bahrain,BHR,2014,1311142
Bahrain,BHR,2015,1362157
Bahrain,BHR,2016,1409668
Bahrain,BHR,2017,1456844
Bahrain,BHR,2018,1487346
Bahrain,BHR,2019,1494195
Bahrain,BHR,2020,1477478
Bahrain,BHR,2021,1463266
Bangladesh,BGD,2014,155961312
Bangladesh,BGD,2015,157830000
Bangladesh,BGD,2016,159784576
Bangladesh,BGD,2017,161793968
Bangladesh,BGD,2018,163683952
Bangladesh,BGD,2019,165516224
Bangladesh,BGD,2020,167420944
Bangladesh,BGD,2021,169356240
Barbados,BRB,2014,277501
Barbados,BRB,2015,278095
Barbados,BRB,2016,278660
Barbados,BRB,2017,279199
Barbados,BRB,2018,279702
Barbados,BRB,2019,280193
Barbados,BRB,2020,280704
Barbados,BRB,2021,281204
Belarus,BLR,2014,9693741
Belarus,BLR,2015,9700609
Belarus,BLR,2016,9708111
Belarus,BLR,2017,9707874
Belarus,BLR,2018,9695573
Belarus,BLR,2019,9673971
Belarus,BLR,2020,9633745
Belarus,BLR,2021,9578172
Belgium,BEL,2014,11176727
Belgium,BEL,2015,11248306
Belgium,BEL,2016,11316837
Belgium,BEL,2017,11384491
Belgium,BEL,2018,11448598
Belgium,BEL,2019,11510569
Belgium,BEL,2020,11561716
Belgium,BEL,2021,11611416
Belize,BLZ,2014,352343
Belize,BLZ,2015,359884
Belize,BLZ,2016,367327
Belize,BLZ,2017,374702
Belize,BLZ,2018,382076
Belize,BLZ,2019,389103
Belize,BLZ,2020,394931
Belize,BLZ,2021,400037
Benin,BEN,2014,10614845
Benin,BEN,2015,10932791
Benin,BEN,2016,11260091
Benin,BEN,2017,11596786
Benin,BEN,2018,11940688
Benin,BEN,2019,12290443
Benin,BEN,2020,12643121
Benin,BEN,2021,12996901
Bermuda,BMU,2014,63375
Bermuda,BMU,2015,63165
Bermuda,BMU,2016,63090
Bermuda,BMU,2017,63295
Bermuda,BMU,2018,63591
Bermuda,BMU,2019,63833
Bermuda,BMU,2020,64051
Bermuda,BMU,2021,64213
Bhutan,BTN,2014,736362
Bhutan,BTN,2015,743284
Bhutan,BTN,2016,749764
Bhutan,BTN,2017,756130
Bhutan,BTN,2018,762104
Bhutan,BTN,2019,767467
Bhutan,BTN,2020,772512
Bhutan,BTN,2021,777500
Bolivia,BOL,2014,10916991
Bolivia,BOL,2015,11090090
Bolivia,BOL,2016,11263016
Bolivia,BOL,2017,11435535
Bolivia,BOL,2018,11606906
Bolivia,BOL,2019,11777318
Bolivia,BOL,2020,11936169
Bolivia,BOL,2021,12079474
Bonaire Sint Eustatius and Saba,BES,2014,22599
Bonaire Sint Eustatius and Saba,BES,2015,23193
Bonaire Sint Eustatius and Saba,BES,2016,23793
Bonaire Sint Eustatius and Saba,BES,2017,24392
Bonaire Sint Eustatius and Saba,BES,2018,24995
Bonaire Sint Eustatius and Saba,BES,2019,25597
Bonaire Sint Eustatius and Saba,BES,2020,26178
Bonaire Sint Eustatius and Saba,BES,2021,26730
Bosnia and Herzegovina,BIH,2014,3571070
Bosnia and Herzegovina,BIH,2015,3524328
Bosnia and Herzegovina,BIH,2016,3480985
Bosnia and Herzegovina,BIH,2017,3440025
Bosnia and Herzegovina,BIH,2018,3400132
Bosnia and Herzegovina,BIH,2019,3360718
Bosnia and Herzegovina,BIH,2020,3318410
Bosnia and Herzegovina,BIH,2021,3270948
Botswana,BWA,2014,2260383
Botswana,BWA,2015,2305177
Botswana,BWA,2016,2352419
Botswana,BWA,2017,2401848
Botswana,BWA,2018,2451411
Botswana,BWA,2019,2499705
Botswana,BWA,2020,2546404
Botswana,BWA,2021,2588424
Brazil,BRA,2014,203459648
Brazil,BRA,2015,205188208
Brazil,BRA,2016,206859584
Brazil,BRA,2017,208504960
Brazil,BRA,2018,210166592
Brazil,BRA,2019,211782880
Brazil,BRA,2020,213196304
Brazil,BRA,2021,214326224
British Virgin Islands,VGB,2014,29000
British Virgin Islands,VGB,2015,29394
British Virgin Islands,VGB,2016,29763
British Virgin Islands,VGB,2017,30084
British Virgin Islands,VGB,2018,30359
British Virgin Islands,VGB,2019,30631
British Virgin Islands,VGB,2020,30934
British Virgin Islands,VGB,2021,31145
Brunei,BRN,2014,416670
Brunei,BRN,2015,421449
Brunei,BRN,2016,426001
Brunei,BRN,2017,430290
Brunei,BRN,2018,434283
Brunei,BRN,2019,438058
Brunei,BRN,2020,441736
Brunei,BRN,2021,445382
Bulgaria,BGR,2014,7372142
Bulgaria,BGR,2015,7309255
Bulgaria,BGR,2016,7245982
Bulgaria,BGR,2017,7182430
Bulgaria,BGR,2018,7117424
Bulgaria,BGR,2019,7052536
Bulgaria,BGR,2020,6979181
Bulgaria,BGR,2021,6885864
Burkina Faso,BFA,2014,18169844
Burkina Faso,BFA,2015,18718022
Burkina Faso,BFA,2016,19275504
Burkina Faso,BFA,2017,19835860
Burkina Faso,BFA,2018,20392730
Burkina Faso,BFA,2019,20951638
Burkina Faso,BFA,2020,21522632
Burkina Faso,BFA,2021,22100690
Burundi,BDI,2014,10494920
Burundi,BDI,2015,10727153
Burundi,BDI,2016,10903329
Burundi,BDI,2017,11155592
Burundi,BDI,2018,11493476
Burundi,BDI,2019,11874838
Burundi,BDI,2020,12220229
Burundi,BDI,2021,12551215
Cambodia,KHM,2014,15210817
Cambodia,KHM,2015,15417527
Cambodia,KHM,2016,15624586
Cambodia,KHM,2017,15830694
Cambodia,KHM,2018,16025242
Cambodia,KHM,2019,16207746
Cambodia,KHM,2020,16396864
Cambodia,KHM,2021,16589031
Cameroon,CMR,2014,22299590
Cameroon,CMR,2015,23012650
Cameroon,CMR,2016,23711626
Cameroon,CMR,2017,24393182
Cameroon,CMR,2018,25076752
Cameroon,CMR,2019,25782342
Cameroon,CMR,2020,26491090
Cameroon,CMR,2021,27198632
Canada,CAN,2014,35404616
Canada,CAN,2015,35732120
Canada,CAN,2016,36113532
Canada,CAN,2017,36554344
Canada,CAN,2018,37035260
Canada,CAN,2019,37522584
Canada,CAN,2020,37888704
Canada,CAN,2021,38155012
Cape Verde,CPV,2014,546083
Cape Verde,CPV,2015,552169
Cape Verde,CPV,2016,558399
Cape Verde,CPV,2017,564959
Cape Verde,CPV,2018,571209
Cape Verde,CPV,2019,577037
Cape Verde,CPV,2020,582646
Cape Verde,CPV,2021,587936
Cayman Islands,CYM,2014,59580
Cayman Islands,CYM,2015,60935
Cayman Islands,CYM,2016,62274
Cayman Islands,CYM,2017,63601
Cayman Islands,CYM,2018,64904
Cayman Islands,CYM,2019,66152
Cayman Islands,CYM,2020,67327
Cayman Islands,CYM,2021,68157
Central African Republic,CAF,2014,4798739
Central African Republic,CAF,2015,4819341
Central African Republic,CAF,2016,4904182
Central African Republic,CAF,2017,4996741
Central African Republic,CAF,2018,5094795
Central African Republic,CAF,2019,5209329
Central African Republic,CAF,2020,5343024
Central African Republic,CAF,2021,5457165
Chad,TCD,2014,13697128
Chad,TCD,2015,14140277
Chad,TCD,2016,14592587
Chad,TCD,2017,15085893
Chad,TCD,2018,15604213
Chad,TCD,2019,16126868
Chad,TCD,2020,16644707
Chad,TCD,2021,17179744
Chile,CHL,2014,17687108
Chile,CHL,2015,17870122
Chile,CHL,2016,18083880
Chile,CHL,2017,18368582
Chile,CHL,2018,18701452
Chile,CHL,2019,19039484
Chile,CHL,2020,19300318
Chile,CHL,2021,19493184
China,CHN,2014,1385189632
China,CHN,2015,1393715456
China,CHN,2016,1401889664
China,CHN,2017,1410275968
China,CHN,2018,1417069440
China,CHN,2019,1421864064
China,CHN,2020,1424929792
China,CHN,2021,1425893504
Colombia,COL,2014,46677944
Colombia,COL,2015,47119728
Colombia,COL,2016,47625960
Colombia,COL,2017,48351668
Colombia,COL,2018,49276968
Colombia,COL,2019,50187404
Colombia,COL,2020,50930656
Colombia,COL,2021,51516560
Comoros,COM,2014,714617
Comoros,COM,2015,730221
Comoros,COM,2016,746239
Comoros,COM,2017,761672
Comoros,COM,2018,776322
Comoros,COM,2019,790993
Comoros,COM,2020,806168
Comoros,COM,2021,821632
Congo,COG,2014,4944865
Congo,COG,2015,5064390
Congo,COG,2016,5186830
Congo,COG,2017,5312347
Congo,COG,2018,5441061
Congo,COG,2019,5570736
Congo,COG,2020,5702183
Congo,COG,2021,5835814
Cook Islands,COK,2014,17842
Cook Islands,COK,2015,17720
Cook Islands,COK,2016,17572
Cook Islands,COK,2017,17417
Cook Islands,COK,2018,17276
Cook Islands,COK,2019,17133
Cook Islands,COK,2020,17050
Cook Islands,COK,2021,17028
Costa Rica,CRI,2014,4844293
Costa Rica,CRI,2015,4895241
Costa Rica,CRI,2016,4945205
Costa Rica,CRI,2017,4993849
Costa Rica,CRI,2018,5040738
Costa Rica,CRI,2019,5084527
Costa Rica,CRI,2020,5123107
Costa Rica,CRI,2021,5153959
Cote d'Ivoire,CIV,2014,22995554
Cote d'Ivoire,CIV,2015,23596738
Cote d'Ivoire,CIV,2016,24213620
Cote d'Ivoire,CIV,2017,24848024
Cote d'Ivoire,CIV,2018,25493990
Cote d'Ivoire,CIV,2019,26147544
Cote d'Ivoire,CIV,2020,26811792
Cote d'Ivoire,CIV,2021,27478250
Croatia,HRV,2014,4283968
Croatia,HRV,2015,4254821
Croatia,HRV,2016,4223748
Croatia,HRV,2017,4192468
Croatia,HRV,2018,4160488
Croatia,HRV,2019,4129749
Croatia,HRV,2020,4096872
Croatia,HRV,2021,4060139
Cuba,CUB,2014,11332030
Cuba,CUB,2015,11339888
Cuba,CUB,2016,11342012
Cuba,CUB,2017,11336405
Cuba,CUB,2018,11328243
Cuba,CUB,2019,11316699
Cuba,CUB,2020,11300695
Cuba,CUB,2021,11256373
Curacao,CUW,2014,168034
Curacao,CUW,2015,169588
Curacao,CUW,2016,170752
Curacao,CUW,2017,171543
Curacao,CUW,2018,184734
Curacao,CUW,2019,193119
Curacao,CUW,2020,189298
Curacao,CUW,2021,190348
Cyprus,CYP,2014,1176997
Cyprus,CYP,2015,1187286
Cyprus,CYP,2016,1197889
Cyprus,CYP,2017,1208527
Cyprus,CYP,2018,1218834
Cyprus,CYP,2019,1228840
Cyprus,CYP,2020,1237540
Cyprus,CYP,2021,1244193
Czechia,CZE,2014,10517178
Czechia,CZE,2015,10523801
Czechia,CZE,2016,10527584
Czechia,CZE,2017,10531315
Czechia,CZE,2018,10534598
Czechia,CZE,2019,10536876
Czechia,CZE,2020,10530951
Czechia,CZE,2021,10510748
Democratic Republic of Congo,COD,2014,76035592
Democratic Republic of Congo,COD,2015,78656904
Democratic Republic of Congo,COD,2016,81430976
Democratic Republic of Congo,COD,2017,84283272
Democratic Republic of Congo,COD,2018,87087352
Democratic Republic of Congo,COD,2019,89906896
Democratic Republic of Congo,COD,2020,92853168
Democratic Republic of Congo,COD,2021,95894120
Denmark,DNK,2014,5650654
Denmark,DNK,2015,5677795
Denmark,DNK,2016,5706856
Denmark,DNK,2017,5737286
Denmark,DNK,2018,5766689
Denmark,DNK,2019,5795879
Denmark,DNK,2020,5825638
Denmark,DNK,2021,5854246
Djibouti,DJI,2014,989091
Djibouti,DJI,2015,1006266
Djibouti,DJI,2016,1023269
Djibouti,DJI,2017,1040242
Djibouti,DJI,2018,1057204
Djibouti,DJI,2019,1073999
Djibouti,DJI,2020,1090162
Djibouti,DJI,2021,1105562
Dominica,DMA,2014,69388
Dominica,DMA,2015,70027
Dominica,DMA,2016,70098
Dominica,DMA,2017,70422
Dominica,DMA,2018,70840
Dominica,DMA,2019,71446
Dominica,DMA,2020,72011
Dominica,DMA,2021,72435
Dominican Republic,DOM,2014,10282116
Dominican Republic,DOM,2015,10405832
Dominican Republic,DOM,2016,10527589
Dominican Republic,DOM,2017,10647247
Dominican Republic,DOM,2018,10765532
Dominican Republic,DOM,2019,10881886
Dominican Republic,DOM,2020,10999668
Dominican Republic,DOM,2021,11117873
East Timor,TLS,2014,1184842
East Timor,TLS,2015,1205822
East Timor,TLS,2016,1224568
East Timor,TLS,2017,1243238
East Timor,TLS,2018,1261850
East Timor,TLS,2019,1280442
East Timor,TLS,2020,1299998
East Timor,TLS,2021,1320944
Ecuador,ECU,2014,15957995
Ecuador,ECU,2015,16195904
Ecuador,ECU,2016,16439588
Ecuador,ECU,2017,16696947
Ecuador,ECU,2018,17015672
Ecuador,ECU,2019,17343742
Ecuador,ECU,2020,17588596
Ecuador,ECU,2021,17797736
Egypt,EGY,2014,95592328
Egypt,EGY,2015,97723792
Egypt,EGY,2016,99784032
Egypt,EGY,2017,101789384
Egypt,EGY,2018,103740768
Egypt,EGY,2019,105618672
Egypt,EGY,2020,107465128
Egypt,EGY,2021,109262184
El Salvador,SLV,2014,6209528
El Salvador,SLV,2015,6231072
El Salvador,SLV,2016,6250513
El Salvador,SLV,2017,6266661
El Salvador,SLV,2018,6276340
El Salvador,SLV,2019,6280222
El Salvador,SLV,2020,6292734
El Salvador,SLV,2021,6314165
Equatorial Guinea,GNQ,2014,1295193
Equatorial Guinea,GNQ,2015,1346974
Equatorial Guinea,GNQ,2016,1398940
Equatorial Guinea,GNQ,2017,1450703
Equatorial Guinea,GNQ,2018,1502102
Equatorial Guinea,GNQ,2019,1553037
Equatorial Guinea,GNQ,2020,1596057
Equatorial Guinea,GNQ,2021,1634473
Eritrea,ERI,2014,3323429
Eritrea,ERI,2015,3340005
Eritrea,ERI,2016,3365288
Eritrea,ERI,2017,3396933
Eritrea,ERI,2018,3445380
Eritrea,ERI,2019,3498819
Eritrea,ERI,2020,3555869
Eritrea,ERI,2021,3620324
Estonia,EST,2014,1314531
Estonia,EST,2015,1314658
Estonia,EST,2016,1315928
Estonia,EST,2017,1317550
Estonia,EST,2018,1322146
Estonia,EST,2019,1327039
Estonia,EST,2020,1329449
Estonia,EST,2021,1328704
Eswatini,SWZ,2014,1125872
Eswatini,SWZ,2015,1133941
Eswatini,SWZ,2016,1142529
Eswatini,SWZ,2017,1151397
Eswatini,SWZ,2018,1160430
Eswatini,SWZ,2019,1169620
Eswatini,SWZ,2020,1180663
Eswatini,SWZ,2021,1192273
Ethiopia,ETH,2014,99746768
Ethiopia,ETH,2015,102471896
Ethiopia,ETH,2016,105293232
Ethiopia,ETH,2017,108197944
Ethiopia,ETH,2018,111129440
Ethiopia,ETH,2019,114120592
Ethiopia,ETH,2020,117190920
Ethiopia,ETH,2021,120283024
Falkland Islands,FLK,2014,3356
Falkland Islands,FLK,2015,3431
Falkland Islands,FLK,2016,3527
Falkland Islands,FLK,2017,3619
Falkland Islands,FLK,2018,3674
Falkland Islands,FLK,2019,3729
Falkland Islands,FLK,2020,3764
Falkland Islands,FLK,2021,3786
Faroe Islands,FRO,2014,48494
Faroe Islands,FRO,2015,48848
Faroe Islands,FRO,2016,49523
Faroe Islands,FRO,2017,50259
Faroe Islands,FRO,2018,50978
Faroe Islands,FRO,2019,51708
Faroe Islands,FRO,2020,52440
Faroe Islands,FRO,2021,52915
Fiji,FJI,2014,915576
Fiji,FJI,2015,917209
Fiji,FJI,2016,918371
Fiji,FJI,2017,919022
Fiji,FJI,2018,919002
Fiji,FJI,2019,918472
Fiji,FJI,2020,920430
Fiji,FJI,2021,924615
Finland,FIN,2014,5461436
Finland,FIN,2015,5479457
Finland,FIN,2016,5495217
Finland,FIN,2017,5508146
Finland,FIN,2018,5515465
Finland,FIN,2019,5521539
Finland,FIN,2020,5529468
Finland,FIN,2021,5535982
France,FRA,2014,63588496
France,FRA,2015,63809768
France,FRA,2016,63989320
France,FRA,2017,64144092
France,FRA,2018,64277812
France,FRA,2019,64399760
France,FRA,2020,64480052
France,FRA,2021,64531448
French Guiana,GUF,2014,251379
French Guiana,GUF,2015,257033
French Guiana,GUF,2016,262825
French Guiana,GUF,2017,269363
French Guiana,GUF,2018,276659
French Guiana,GUF,2019,284088
French Guiana,GUF,2020,290978
French Guiana,GUF,2021,297462
French Polynesia,PYF,2014,289880
French Polynesia,PYF,2015,291796
French Polynesia,PYF,2016,293552
French Polynesia,PYF,2017,295456
French Polynesia,PYF,2018,297615
French Polynesia,PYF,2019,299730
French Polynesia,PYF,2020,301935
French Polynesia,PYF,2021,304038
Gabon,GAB,2014,1966858
Gabon,GAB,2015,2028524
Gabon,GAB,2016,2086210
Gabon,GAB,2017,2140225
Gabon,GAB,2018,2192013
Gabon,GAB,2019,2242788
Gabon,GAB,2020,2292583
Gabon,GAB,2021,2341185
Gambia,GMB,2014,2189023
Gambia,GMB,2015,2253137
Gambia,GMB,2016,2317212
Gambia,GMB,2017,2381189
Gambia,GMB,2018,2444916
Gambia,GMB,2019,2508882
Gambia,GMB,2020,2574005
Gambia,GMB,2021,2639922
Georgia,GEO,2014,3774232
Georgia,GEO,2015,3771135
Georgia,GEO,2016,3771112
Georgia,GEO,2017,3771904
Georgia,GEO,2018,3772323
Georgia,GEO,2019,3770814
Georgia,GEO,2020,3765912
Georgia,GEO,2021,3757984
Germany,DEU,2014,81858824
Germany,DEU,2015,82073232
Germany,DEU,2016,82331432
Germany,DEU,2017,82624368
Germany,DEU,2018,82896696
Germany,DEU,2019,83148144
Germany,DEU,2020,83328992
Germany,DEU,2021,83408560
Ghana,GHA,2014,28196356
Ghana,GHA,2015,28870946
Ghana,GHA,2016,29554298
Ghana,GHA,2017,30222266
Ghana,GHA,2018,30870648
Ghana,GHA,2019,31522294
Ghana,GHA,2020,32180402
Ghana,GHA,2021,32833036
Gibraltar,GIB,2014,32478
Gibraltar,GIB,2015,32546
Gibraltar,GIB,2016,32590
Gibraltar,GIB,2017,32628
Gibraltar,GIB,2018,32677
Gibraltar,GIB,2019,32715
Gibraltar,GIB,2020,32739
Gibraltar,GIB,2021,32698
Greece,GRC,2014,10862972
Greece,GRC,2015,10806644
Greece,GRC,2016,10749742
Greece,GRC,2017,10692230
Greece,GRC,2018,10633275
Greece,GRC,2019,10574026
Greece,GRC,2020,10512232
Greece,GRC,2021,10445368
Greenland,GRL,2014,55972
Greenland,GRL,2015,55916
Greenland,GRL,2016,55941
Greenland,GRL,2017,55951
Greenland,GRL,2018,55954
Greenland,GRL,2019,55955
Greenland,GRL,2020,56049
Greenland,GRL,2021,56266
Grenada,GRD,2014,117986
Grenada,GRD,2015,118994
Grenada,GRD,2016,119973
Grenada,GRD,2017,120934
Grenada,GRD,2018,121853
Grenada,GRD,2019,122737
Grenada,GRD,2020,123672
Grenada,GRD,2021,124624
Guadeloupe,GLP,2014,400856
Guadeloupe,GLP,2015,399094
Guadeloupe,GLP,2016,397861
Guadeloupe,GLP,2017,397027
Guadeloupe,GLP,2018,396273
Guadeloupe,GLP,2019,395487
Guadeloupe,GLP,2020,395649
Guadeloupe,GLP,2021,396057
Guam,GUM,2014,167555
Guam,GUM,2015,167996
Guam,GUM,2016,168362
Guam,GUM,2017,168619
Guam,GUM,2018,168696
Guam,GUM,2019,168632
Guam,GUM,2020,169245
Guam,GUM,2021,170546
Guatemala,GTM,2014,15713744
Guatemala,GTM,2015,16001105
Guatemala,GTM,2016,16291004
Guatemala,GTM,2017,16578718
Guatemala,GTM,2018,16850176
Guatemala,GTM,2019,17106338
Guatemala,GTM,2020,17362716
Guatemala,GTM,2021,17608484
Guernsey,GGY,2014,61564
Guernsey,GGY,2015,61657
Guernsey,GGY,2016,61612
Guernsey,GGY,2017,61624
Guernsey,GGY,2018,61908
Guernsey,GGY,2019,62391
Guernsey,GGY,2020,62823
Guernsey,GGY,2021,63092
Guinea,GIN,2014,11333362
Guinea,GIN,2015,11626003
Guinea,GIN,2016,11930991
Guinea,GIN,2017,12240791
Guinea,GIN,2018,12554871
Guinea,GIN,2019,12877537
Guinea,GIN,2020,13205157
Guinea,GIN,2021,13531909
Guinea-Bissau,GNB,2014,1743318
Guinea-Bissau,GNB,2015,1788931
Guinea-Bissau,GNB,2016,1834554
Guinea-Bissau,GNB,2017,1879835
Guinea-Bissau,GNB,2018,1924954
Guinea-Bissau,GNB,2019,1970460
Guinea-Bissau,GNB,2020,2015839
Guinea-Bissau,GNB,2021,2060730
Guyana,GUY,2014,751126
Guyana,GUY,2015,755043
Guyana,GUY,2016,759097
Guyana,GUY,2017,763265
Guyana,GUY,2018,785518
Guyana,GUY,2019,798761
Guyana,GUY,2020,797207
Guyana,GUY,2021,804571
Haiti,HTI,2014,10412741
Haiti,HTI,2015,10563762
Haiti,HTI,2016,10713845
Haiti,HTI,2017,10863546
Haiti,HTI,2018,11012427
Haiti,HTI,2019,11160441
Haiti,HTI,2020,11306804
Haiti,HTI,2021,11447575
Honduras,HND,2014,9127851
Honduras,HND,2015,9294510
Honduras,HND,2016,9460798
Honduras,HND,2017,9626845
Honduras,HND,2018,9792854
Honduras,HND,2019,9958832
Honduras,HND,2020,10121762
Honduras,HND,2021,10278346
Hong Kong,HKG,2014,7352180
Hong Kong,HKG,2015,7399845
Hong Kong,HKG,2016,7435925
Hong Kong,HKG,2017,7461508
Hong Kong,HKG,2018,7481563
Hong Kong,HKG,2019,7496121
Hong Kong,HKG,2020,7500955
Hong Kong,HKG,2021,7494580
Hungary,HUN,2014,9867906
Hungary,HUN,2015,9844250
Hungary,HUN,2016,9815106
Hungary,HUN,2017,9788940
Hungary,HUN,2018,9776361
Hungary,HUN,2019,9771799
Hungary,HUN,2020,9750571
Hungary,HUN,2021,9709784
Iceland,ISL,2014,327650
Iceland,ISL,2015,331068
Iceland,ISL,2016,335677
Iceland,ISL,2017,343641
Iceland,ISL,2018,352951
Iceland,ISL,2019,360787
Iceland,ISL,2020,366682
Iceland,ISL,2021,370338
India,IND,2014,1307246464
India,IND,2015,1322866560
India,IND,2016,1338636288
India,IND,2017,1354195712
India,IND,2018,1369003264
India,IND,2019,1383112064
India,IND,2020,1396387072
India,IND,2021,1407563904
Indonesia,IDN,2014,256229760
Indonesia,IDN,2015,259091968
Indonesia,IDN,2016,261850176
Indonesia,IDN,2017,264498848
Indonesia,IDN,2018,267066848
Indonesia,IDN,2019,269582880
Indonesia,IDN,2020,271857984
Indonesia,IDN,2021,273753184
Iran,IRN,2014,79961672
Iran,IRN,2015,81790848
Iran,IRN,2016,83306232
Iran,IRN,2017,84505080
Iran,IRN,2018,85617560
Iran,IRN,2019,86564208
Iran,IRN,2020,87290192
Iran,IRN,2021,87923432
Iraq,IRQ,2014,36746484
Iraq,IRQ,2015,37757812
Iraq,IRQ,2016,38697940
Iraq,IRQ,2017,39621156
Iraq,IRQ,2018,40590700
Iraq,IRQ,2019,41563524
Iraq,IRQ,2020,42556988
Iraq,IRQ,2021,43533592
Ireland,IRL,2014,4622165
Ireland,IRL,2015,4665764
Ireland,IRL,2016,4715791
Ireland,IRL,2017,4771860
Ireland,IRL,2018,4834506
Ireland,IRL,2019,4896021
Ireland,IRL,2020,4946123
Ireland,IRL,2021,4986525
Isle of Man,IMN,2014,83916
Isle of Man,IMN,2015,83614
Isle of Man,IMN,2016,83472
Isle of Man,IMN,2017,83596
Isle of Man,IMN,2018,83792
Isle of Man,IMN,2019,83950
Isle of Man,IMN,2020,84063
Isle of Man,IMN,2021,84286
Israel,ISR,2014,7863849
Israel,ISR,2015,8007777
Israel,ISR,2016,8159015
Israel,ISR,2017,8309256
Israel,ISR,2018,8456487
Israel,ISR,2019,8607922
Israel,ISR,2020,8757487
Israel,ISR,2021,8900057
Italy,ITA,2014,60322792
Italy,ITA,2015,60232908
Italy,ITA,2016,60118628
Italy,ITA,2017,60004024
Italy,ITA,2018,59877432
Italy,ITA,2019,59727936
Italy,ITA,2020,59500576
Italy,ITA,2021,59240336
Jamaica,JAM,2014,2784542
Jamaica,JAM,2015,2794455
Jamaica,JAM,2016,2802699
Jamaica,JAM,2017,2808388
Jamaica,JAM,2018,2811842
Jamaica,JAM,2019,2813776
Jamaica,JAM,2020,2820438
Jamaica,JAM,2021,2827701
Japan,JPN,2014,127476728
Japan,JPN,2015,127250936
Japan,JPN,2016,126993856
Japan,JPN,2017,126662464
Japan,JPN,2018,126255872
Japan,JPN,2019,125791680
Japan,JPN,2020,125244760
Japan,JPN,2021,124612528
Jersey,JEY,2014,99390
Jersey,JEY,2015,100572
Jersey,JEY,2016,102152
Jersey,JEY,2017,103623
Jersey,JEY,2018,105387
Jersey,JEY,2019,107055
Jersey,JEY,2020,108332
Jersey,JEY,2021,109634
Jordan,JOR,2014,8658030
Jordan,JOR,2015,9494250
Jordan,JOR,2016,9964659
Jordan,JOR,2017,10215384
Jordan,JOR,2018,10459864
Jordan,JOR,2019,10698682
Jordan,JOR,2020,10928723
Jordan,JOR,2021,11148288
Kazakhstan,KAZ,2014,17592296
Kazakhstan,KAZ,2015,17835908
Kazakhstan,KAZ,2016,18078558
Kazakhstan,KAZ,2017,18314822
Kazakhstan,KAZ,2018,18538100
Kazakhstan,KAZ,2019,18754260
Kazakhstan,KAZ,2020,18979250
Kazakhstan,KAZ,2021,19196468
Kenya,KEN,2014,45831860
Kenya,KEN,2015,46851496
Kenya,KEN,2016,47894668
Kenya,KEN,2017,48948140
Kenya,KEN,2018,49953300
Kenya,KEN,2019,50951452
Kenya,KEN,2020,51985780
Kenya,KEN,2021,53005616
Kiribati,KIR,2014,115002
Kiribati,KIR,2015,116717
Kiribati,KIR,2016,118529
Kiribati,KIR,2017,120378
Kiribati,KIR,2018,122276
Kiribati,KIR,2019,124252
Kiribati,KIR,2020,126473
Kiribati,KIR,2021,128883
Kosovo,OWID_KOS,2014,1777812
Kosovo,OWID_KOS,2015,1759122
Kosovo,OWID_KOS,2016,1750724
Kosovo,OWID_KOS,2017,1731670
Kosovo,OWID_KOS,2018,1709966
Kosovo,OWID_KOS,2019,1686856
Kosovo,OWID_KOS,2020,1670702
Kosovo,OWID_KOS,2021,1662022
Kuwait,KWT,2014,3761590
Kuwait,KWT,2015,3908745
Kuwait,KWT,2016,4048090
Kuwait,KWT,2017,4124904
Kuwait,KWT,2018,4317190
Kuwait,KWT,2019,4441105
Kuwait,KWT,2020,4360451
Kuwait,KWT,2021,4250111
Kyrgyzstan,KGZ,2014,5814426
Kyrgyzstan,KGZ,2015,5914985
Kyrgyzstan,KGZ,2016,6018303
Kyrgyzstan,KGZ,2017,6121266
Kyrgyzstan,KGZ,2018,6223503
Kyrgyzstan,KGZ,2019,6323643
Kyrgyzstan,KGZ,2020,6424880
Kyrgyzstan,KGZ,2021,6527742
Laos,LAO,2014,6691467
Laos,LAO,2015,6787420
Laos,LAO,2016,6891366
Laos,LAO,2017,6997925
Laos,LAO,2018,7105008
Laos,LAO,2019,7212058
Laos,LAO,2020,7319397
Laos,LAO,2021,7425055
Latvia,LVA,2014,2011040
Latvia,LVA,2015,1991951
Latvia,LVA,2016,1973477
Latvia,LVA,2017,1954861
Latvia,LVA,2018,1935632
Latvia,LVA,2019,1916552
Latvia,LVA,2020,1897057
Latvia,LVA,2021,1873926
Lebanon,LBN,2014,6274345
Lebanon,LBN,2015,6398941
Lebanon,LBN,2016,6258628
Lebanon,LBN,2017,6109255
Lebanon,LBN,2018,5950842
Lebanon,LBN,2019,5781912
Lebanon,LBN,2020,5662924
Lebanon,LBN,2021,5592626
Lesotho,LSO,2014,2095251
Lesotho,LSO,2015,2118532
Lesotho,LSO,2016,2143876
Lesotho,LSO,2017,2170622
Lesotho,LSO,2018,2198030
Lesotho,LSO,2019,2225710
Lesotho,LSO,2020,2254104
Lesotho,LSO,2021,2281464
Liberia,LBR,2014,4519410
Liberia,LBR,2015,4612330
Liberia,LBR,2016,4706106
Liberia,LBR,2017,4796632
Liberia,LBR,2018,4889396
Liberia,LBR,2019,4985290
Liberia,LBR,2020,5087591
Liberia,LBR,2021,5193422
Libya,LBY,2014,6097767
Libya,LBY,2015,6192241
Libya,LBY,2016,6282202
Libya,LBY,2017,6378267
Libya,LBY,2018,6477791
Libya,LBY,2019,6569085
Libya,LBY,2020,6653946
Libya,LBY,2021,6735280
Liechtenstein,LIE,2014,37120
Liechtenstein,LIE,2015,37378
Liechtenstein,LIE,2016,37630
Liechtenstein,LIE,2017,37916
Liechtenstein,LIE,2018,38205
Liechtenstein,LIE,2019,38500
Liechtenstein,LIE,2020,38783
Liechtenstein,LIE,2021,39058
Lithuania,LTU,2014,2994928
Lithuania,LTU,2015,2963764
Lithuania,LTU,2016,2933676
Lithuania,LTU,2017,2904452
Lithuania,LTU,2018,2876128
Lithuania,LTU,2019,2849083
Lithuania,LTU,2020,2820269
Lithuania,LTU,2021,2786652
Luxembourg,LUX,2014,556075
Luxembourg,LUX,2015,569415
Luxembourg,LUX,2016,583355
Luxembourg,LUX,2017,596290
Luxembourg,LUX,2018,607920
Luxembourg,LUX,2019,619981
Luxembourg,LUX,2020,630401
Luxembourg,LUX,2021,639330
Macao,MAC,2014,604163
Macao,MAC,2015,615243
Macao,MAC,2016,626694
Macao,MAC,2017,638612
Macao,MAC,2018,650996
Macao,MAC,2019,663660
Macao,MAC,2020,676287
Macao,MAC,2021,686616
Madagascar,MDG,2014,24215980
Madagascar,MDG,2015,24850912
Madagascar,MDG,2016,25501944
Madagascar,MDG,2017,26169540
Madagascar,MDG,2018,26846544
Madagascar,MDG,2019,27533134
Madagascar,MDG,2020,28225182
Madagascar,MDG,2021,28915652
Malawi,MWI,2014,16477972
Malawi,MWI,2015,16938944
Malawi,MWI,2016,17405624
Malawi,MWI,2017,17881172
Malawi,MWI,2018,18367886
Malawi,MWI,2019,18867340
Malawi,MWI,2020,19377058
Malawi,MWI,2021,19889742
Malaysia,MYS,2014,30606454
Malaysia,MYS,2015,31068834
Malaysia,MYS,2016,31526414
Malaysia,MYS,2017,31975812
Malaysia,MYS,2018,32399270
Malaysia,MYS,2019,32804024
Malaysia,MYS,2020,33199988
Malaysia,MYS,2021,33573872
Maldives,MDV,2014,416746
Maldives,MDV,2015,435590
Maldives,MDV,2016,454263
Maldives,MDV,2017,472449
Maldives,MDV,2018,489773
Maldives,MDV,2019,504518
Maldives,MDV,2020,514451
Maldives,MDV,2021,521469
Mali,MLI,2014,17551824
Mali,MLI,2015,18112910
Mali,MLI,2016,18700108
Mali,MLI,2017,19311356
Mali,MLI,2018,19934304
Mali,MLI,2019,20567430
Mali,MLI,2020,21224042
Mali,MLI,2021,21904990
Malta,MLT,2014,446449
Malta,MLT,2015,456585
Malta,MLT,2016,467717
Malta,MLT,2017,479507
Malta,MLT,2018,491590
Malta,MLT,2019,503646
Malta,MLT,2020,515364
Malta,MLT,2021,526751
Marshall Islands,MHL,2014,50440
Marshall Islands,MHL,2015,49426
Marshall Islands,MHL,2016,48354
Marshall Islands,MHL,2017,47204
Marshall Islands,MHL,2018,46012
Marshall Islands,MHL,2019,44750
Marshall Islands,MHL,2020,43437
Marshall Islands,MHL,2021,42074
Martinique,MTQ,2014,384393
Martinique,MTQ,2015,383523
Martinique,MTQ,2016,380350
Martinique,MTQ,2017,377458
Martinique,MTQ,2018,374843
Martinique,MTQ,2019,372254
Martinique,MTQ,2020,370399
Martinique,MTQ,2021,368799
Mauritania,MRT,2014,3843181
Mauritania,MRT,2015,3946225
Mauritania,MRT,2016,4051896
Mauritania,MRT,2017,4160018
Mauritania,MRT,2018,4270717
Mauritania,MRT,2019,4383853
Mauritania,MRT,2020,4498605
Mauritania,MRT,2021,4614981
Mauritius,MUS,2014,1292112
Mauritius,MUS,2015,1293159
Mauritius,MUS,2016,1293909
Mauritius,MUS,2017,1294743
Mauritius,MUS,2018,1295386
Mauritius,MUS,2019,1296284
Mauritius,MUS,2020,1297830
Mauritius,MUS,2021,1298922
Mayotte,MYT,2014,239717
Mayotte,MYT,2015,249555
Mayotte,MYT,2016,260296
Mayotte,MYT,2017,271576
Mayotte,MYT,2018,282968
Mayotte,MYT,2019,294502
Mayotte,MYT,2020,305591
Mayotte,MYT,2021,316022
Mexico,MEX,2014,118755888
Mexico,MEX,2015,120149896
Mexico,MEX,2016,121519224
Mexico,MEX,2017,122839256
Mexico,MEX,2018,124013864
Mexico,MEX,2019,125085312
Mexico,MEX,2020,125998296
Mexico,MEX,2021,126705136
Micronesia (country),FSM,2014,109039
Micronesia (country),FSM,2015,109477
Micronesia (country),FSM,2016,109934
Micronesia (country),FSM,2017,110441
Micronesia (country),FSM,2018,110945
Micronesia (country),FSM,2019,111392
Micronesia (country),FSM,2020,112119
Micronesia (country),FSM,2021,113143
Moldova,MDA,2014,3338338
Moldova,MDA,2015,3277390
Moldova,MDA,2016,3225125
Moldova,MDA,2017,3180515
Moldova,MDA,2018,3141839
Moldova,MDA,2019,3109496
Moldova,MDA,2020,3084848
Moldova,MDA,2021,3061509
Monaco,MCO,2014,36133
Monaco,MCO,2015,36781
Monaco,MCO,2016,37090
Monaco,MCO,2017,37069
Monaco,MCO,2018,37050
Monaco,MCO,2019,37059
Monaco,MCO,2020,36943
Monaco,MCO,2021,36713
Mongolia,MNG,2014,2902826
Mongolia,MNG,2015,2964756
Mongolia,MNG,2016,3029559
Mongolia,MNG,2017,3096033
Mongolia,MNG,2018,3163994
Mongolia,MNG,2019,3232435
Mongolia,MNG,2020,3294340
Mongolia,MNG,2021,3347782
Montenegro,MNE,2014,634301
Montenegro,MNE,2015,633969
Montenegro,MNE,2016,633264
Montenegro,MNE,2017,632445
Montenegro,MNE,2018,631459
Montenegro,MNE,2019,630403
Montenegro,MNE,2020,629058
Montenegro,MNE,2021,627856
Montserrat,MSR,2014,5075
Montserrat,MSR,2015,5083
Montserrat,MSR,2016,5108
Montserrat,MSR,2017,4723
Montserrat,MSR,2018,4381
Montserrat,MSR,2019,4528
Montserrat,MSR,2020,4526
Montserrat,MSR,2021,4438
Morocco,MAR,2014,34248608
Morocco,MAR,2015,34680456
Morocco,MAR,2016,35107272
Morocco,MAR,2017,35528116
Morocco,MAR,2018,35927516
Morocco,MAR,2019,36304408
Morocco,MAR,2020,36688768
Morocco,MAR,2021,37076588
Mozambique,MOZ,2014,26038704
Mozambique,MOZ,2015,26843252
Mozambique,MOZ,2016,27696500
Mozambique,MOZ,2017,28569448
Mozambique,MOZ,2018,29423882
Mozambique,MOZ,2019,30285602
Mozambique,MOZ,2020,31178242
Mozambique,MOZ,2021,32077074
Myanmar,MMR,2014,51072436
Myanmar,MMR,2015,51483956
Myanmar,MMR,2016,51892352
Myanmar,MMR,2017,52288344
Myanmar,MMR,2018,52666016
Myanmar,MMR,2019,53040212
Myanmar,MMR,2020,53423200
Myanmar,MMR,2021,53798088
Namibia,NAM,2014,2243008
Namibia,NAM,2015,2282709
Namibia,NAM,2016,2323351
Namibia,NAM,2017,2364540
Namibia,NAM,2018,2405682
Namibia,NAM,2019,2446648
Namibia,NAM,2020,2489099
Namibia,NAM,2021,2530150
Nauru,NRU,2014,10965
Nauru,NRU,2015,11207
Nauru,NRU,2016,11463
Nauru,NRU,2017,11708
Nauru,NRU,2018,11949
Nauru,NRU,2019,12156
Nauru,NRU,2020,12339
Nauru,NRU,2021,12533
Nepal,NPL,2014,27462110
Nepal,NPL,2015,27610328
Nepal,NPL,2016,27861186
Nepal,NPL,2017,28183424
Nepal,NPL,2018,28506718
Nepal,NPL,2019,28832500
Nepal,NPL,2020,29348626
Nepal,NPL,2021,30034988
Netherlands,NLD,2014,16954080
Netherlands,NLD,2015,17041110
Netherlands,NLD,2016,17124512
Netherlands,NLD,2017,17207204
Netherlands,NLD,2018,17286042
Netherlands,NLD,2019,17363260
Netherlands,NLD,2020,17434562
Netherlands,NLD,2021,17501696
New Caledonia,NCL,2014,280805
New Caledonia,NCL,2015,283041
New Caledonia,NCL,2016,283753
New Caledonia,NCL,2017,284358
New Caledonia,NCL,2018,284887
New Caledonia,NCL,2019,285374
New Caledonia,NCL,2020,286412
New Caledonia,NCL,2021,287809
New Zealand,NZL,2014,4514198
New Zealand,NZL,2015,4590591
New Zealand,NZL,2016,4668088
New Zealand,NZL,2017,4746253
New Zealand,NZL,2018,4838528
New Zealand,NZL,2019,4959033
New Zealand,NZL,2020,5061130
New Zealand,NZL,2021,5129730
Nicaragua,NIC,2014,6208680
Nicaragua,NIC,2015,6298610
Nicaragua,NIC,2016,6389237
Nicaragua,NIC,2017,6480534
Nicaragua,NIC,2018,6572234
Nicaragua,NIC,2019,6663919
Nicaragua,NIC,2020,6755900
Nicaragua,NIC,2021,6850546
Niger,NER,2014,19372012
Niger,NER,2015,20128132
Niger,NER,2016,20921748
Niger,NER,2017,21737924
Niger,NER,2018,22577060
Niger,NER,2019,23443400
Niger,NER,2020,24333644
Niger,NER,2021,25252722
Nigeria,NGA,2014,179379024
Nigeria,NGA,2015,183995776
Nigeria,NGA,2016,188666928
Nigeria,NGA,2017,193495904
Nigeria,NGA,2018,198387616
Nigeria,NGA,2019,203304496
Nigeria,NGA,2020,208327408
Nigeria,NGA,2021,213401328
Niue,NIU,2014,1858
Niue,NIU,2015,1871
Niue,NIU,2016,1883
Niue,NIU,2017,1891
Niue,NIU,2018,1907
Niue,NIU,2019,1943
Niue,NIU,2020,1963
Niue,NIU,2021,1957
North Korea,PRK,2014,25126140
North Korea,PRK,2015,25258012
North Korea,PRK,2016,25389614
North Korea,PRK,2017,25516318
North Korea,PRK,2018,25638152
North Korea,PRK,2019,25755442
North Korea,PRK,2020,25867474
North Korea,PRK,2021,25971910
North Macedonia,MKD,2014,2105293
North Macedonia,MKD,2015,2107965
North Macedonia,MKD,2016,2110194
North Macedonia,MKD,2017,2111982
North Macedonia,MKD,2018,2113497
North Macedonia,MKD,2019,2114175
North Macedonia,MKD,2020,2111078
North Macedonia,MKD,2021,2103329
Northern Mariana Islands,MNP,2014,51878
Northern Mariana Islands,MNP,2015,51538
Northern Mariana Islands,MNP,2016,51151
Northern Mariana Islands,MNP,2017,50752
Northern Mariana Islands,MNP,2018,50328
Northern Mariana Islands,MNP,2019,49880
Northern Mariana Islands,MNP,2020,49611
Northern Mariana Islands,MNP,2021,49503
Norway,NOR,2014,5137926
Norway,NOR,2015,5190357
Norway,NOR,2016,5236591
Norway,NOR,2017,5277396
Norway,NOR,2018,5312321
Norway,NOR,2019,5348285
Norway,NOR,2020,5379836
Norway,NOR,2021,5403021
Oman,OMN,2014,4009272
Oman,OMN,2015,4191784
Oman,OMN,2016,4398080
Oman,OMN,2017,4541853
Oman,OMN,2018,4601160
Oman,OMN,2019,4602769
Oman,OMN,2020,4543406
Oman,OMN,2021,4520474
Pakistan,PAK,2014,208251632
Pakistan,PAK,2015,210969296
Pakistan,PAK,2016,213524848
Pakistan,PAK,2017,216379648
Pakistan,PAK,2018,219731488
Pakistan,PAK,2019,223293280
Pakistan,PAK,2020,227196736
Pakistan,PAK,2021,231402112
Palau,PLW,2014,17821
Palau,PLW,2015,17822
Palau,PLW,2016,17840
Palau,PLW,2017,17857
Palau,PLW,2018,17887
Palau,PLW,2019,17939
Palau,PLW,2020,17999
Palau,PLW,2021,18050
Palestine,PSE,2014,4380473
Palestine,PSE,2015,4484615
Palestine,PSE,2016,4593855
Palestine,PSE,2017,4700954
Palestine,PSE,2018,4805549
Palestine,PSE,2019,4909775
Palestine,PSE,2020,5019407
Palestine,PSE,2021,5133393
Panama,PAN,2014,3888795
Panama,PAN,2015,3957102
Panama,PAN,2016,4026338
Panama,PAN,2017,4096071
Panama,PAN,2018,4165258
Panama,PAN,2019,4232538
Panama,PAN,2020,4294391
Panama,PAN,2021,4351264
Papua New Guinea,PNG,2014,8464159
Papua New Guinea,PNG,2015,8682172
Papua New Guinea,PNG,2016,8899176
Papua New Guinea,PNG,2017,9114803
Papua New Guinea,PNG,2018,9329233
Papua New Guinea,PNG,2019,9542492
Papua New Guinea,PNG,2020,9749641
Papua New Guinea,PNG,2021,9949438
Paraguay,PRY,2014,6090727
Paraguay,PRY,2015,6177954
Paraguay,PRY,2016,6266623
Paraguay,PRY,2017,6355406
Paraguay,PRY,2018,6443337
Paraguay,PRY,2019,6530029
Paraguay,PRY,2020,6618700
Paraguay,PRY,2021,6703802
Peru,PER,2014,30353956
Peru,PER,2015,30711864
Peru,PER,2016,31132776
Peru,PER,2017,31605488
Peru,PER,2018,32203946
Peru,PER,2019,32824864
Peru,PER,2020,33304768
Peru,PER,2021,33715464
Philippines,PHL,2014,101325208
Philippines,PHL,2015,103031360
Philippines,PHL,2016,104875272
Philippines,PHL,2017,106738496
Philippines,PHL,2018,108568832
Philippines,PHL,2019,110380800
Philippines,PHL,2020,112190984
Philippines,PHL,2021,113880336
Poland,POL,2014,38581880
Poland,POL,2015,38553148
Poland,POL,2016,38532108
Poland,POL,2017,38532816
Poland,POL,2018,38521464
Poland,POL,2019,38493600
Poland,POL,2020,38428368
Poland,POL,2021,38307724
Portugal,PRT,2014,10408379
Portugal,PRT,2015,10365436
Portugal,PRT,2016,10332751
Portugal,PRT,2017,10307528
Portugal,PRT,2018,10289833
Portugal,PRT,2019,10289921
Portugal,PRT,2020,10298186
Portugal,PRT,2021,10290109
Puerto Rico,PRI,2014,3560008
Puerto Rico,PRI,2015,3497335
Puerto Rico,PRI,2016,3432745
Puerto Rico,PRI,2017,3366407
Puerto Rico,PRI,2018,3319269
Puerto Rico,PRI,2019,3292888
Puerto Rico,PRI,2020,3271570
Puerto Rico,PRI,2021,3256030
Qatar,QAT,2014,2214471
Qatar,QAT,2015,2414580
Qatar,QAT,2016,2595175
Qatar,QAT,2017,2711764
Qatar,QAT,2018,2766743
Qatar,QAT,2019,2807242
Qatar,QAT,2020,2760390
Qatar,QAT,2021,2688239
Reunion,REU,2014,914797
Reunion,REU,2015,922501
Reunion,REU,2016,926628
Reunion,REU,2017,932745
Reunion,REU,2018,941189
Reunion,REU,2019,949423
Reunion,REU,2020,957829
Reunion,REU,2021,966132
Romania,ROU,2014,19995836
Romania,ROU,2015,19906078
Romania,ROU,2016,19797820
Romania,ROU,2017,19698852
Romania,ROU,2018,19606778
Romania,ROU,2019,19524212
Romania,ROU,2020,19442040
Romania,ROU,2021,19328558
Russia,RUS,2014,144285072
Russia,RUS,2015,144668384
Russia,RUS,2016,145109152
Russia,RUS,2017,145452544
Russia,RUS,2018,145652288
Russia,RUS,2019,145742288
Russia,RUS,2020,145617328
Russia,RUS,2021,145102752
Rwanda,RWA,2014,11368450
Rwanda,RWA,2015,11642963
Rwanda,RWA,2016,11930902
Rwanda,RWA,2017,12230343
Rwanda,RWA,2018,12531810
Rwanda,RWA,2019,12835029
Rwanda,RWA,2020,13146367
Rwanda,RWA,2021,13461891
Saint Barthelemy,BLM,2014,9499
Saint Barthelemy,BLM,2015,9668
Saint Barthelemy,BLM,2016,9865
Saint Barthelemy,BLM,2017,10068
Saint Barthelemy,BLM,2018,10281
Saint Barthelemy,BLM,2019,10504
Saint Barthelemy,BLM,2020,10706
Saint Barthelemy,BLM,2021,10888
Saint Helena,SHN,2014,5480
Saint Helena,SHN,2015,5520
Saint Helena,SHN,2016,5533
Saint Helena,SHN,2017,5521
Saint Helena,SHN,2018,5494
Saint Helena,SHN,2019,5470
Saint Helena,SHN,2020,5448
Saint Helena,SHN,2021,5428
Saint Kitts and Nevis,KNA,2014,47816
Saint Kitts and Nevis,KNA,2015,47814
Saint Kitts and Nevis,KNA,2016,47814
Saint Kitts and Nevis,KNA,2017,47811
Saint Kitts and Nevis,KNA,2018,47787
Saint Kitts and Nevis,KNA,2019,47739
Saint Kitts and Nevis,KNA,2020,47666
Saint Kitts and Nevis,KNA,2021,47631
Saint Lucia,LCA,2014,174814
Saint Lucia,LCA,2015,175638
Saint Lucia,LCA,2016,176429
Saint Lucia,LCA,2017,177175
Saint Lucia,LCA,2018,177894
Saint Lucia,LCA,2019,178594
Saint Lucia,LCA,2020,179245
Saint Lucia,LCA,2021,179663
Saint Martin (French part),MAF,2014,35280
Saint Martin (French part),MAF,2015,35042
Saint Martin (French part),MAF,2016,34833
Saint Martin (French part),MAF,2017,34519
Saint Martin (French part),MAF,2018,33879
Saint Martin (French part),MAF,2019,33150
Saint Martin (French part),MAF,2020,32577
Saint Martin (French part),MAF,2021,31964
Saint Pierre and Miquelon,SPM,2014,6013
Saint Pierre and Miquelon,SPM,2015,6001
Saint Pierre and Miquelon,SPM,2016,5990
Saint Pierre and Miquelon,SPM,2017,5980
Saint Pierre and Miquelon,SPM,2018,5969
Saint Pierre and Miquelon,SPM,2019,5952
Saint Pierre and Miquelon,SPM,2020,5930
Saint Pierre and Miquelon,SPM,2021,5905
Saint Vincent and the Grenadines,VCT,2014,106934
Saint Vincent and the Grenadines,VCT,2015,106493
Saint Vincent and the Grenadines,VCT,2016,105971
Saint Vincent and the Grenadines,VCT,2017,105568
Saint Vincent and the Grenadines,VCT,2018,105297
Saint Vincent and the Grenadines,VCT,2019,104940
Saint Vincent and the Grenadines,VCT,2020,104644
Saint Vincent and the Grenadines,VCT,2021,104340
Samoa,WSM,2014,201769
Samoa,WSM,2015,203586
Samoa,WSM,2016,205559
Samoa,WSM,2017,207642
Samoa,WSM,2018,209715
Samoa,WSM,2019,211915
Samoa,WSM,2020,214934
Samoa,WSM,2021,218781
San Marino,SMR,2014,33415
San Marino,SMR,2015,33593
San Marino,SMR,2016,33860
San Marino,SMR,2017,34081
San Marino,SMR,2018,34179
San Marino,SMR,2019,34203
San Marino,SMR,2020,34038
San Marino,SMR,2021,33772
Sao Tome and Principe,STP,2014,197511
Sao Tome and Principe,STP,2015,201142
Sao Tome and Principe,STP,2016,204640
Sao Tome and Principe,STP,2017,208050
Sao Tome and Principe,STP,2018,211358
Sao Tome and Principe,STP,2019,214612
Sao Tome and Principe,STP,2020,218650
Sao Tome and Principe,STP,2021,223118
Saudi Arabia,SAU,2014,32125570
Saudi Arabia,SAU,2015,32749838
Saudi Arabia,SAU,2016,33416272
Saudi Arabia,SAU,2017,34193120
Saudi Arabia,SAU,2018,35018132
Saudi Arabia,SAU,2019,35827364
Saudi Arabia,SAU,2020,35997108
Saudi Arabia,SAU,2021,35950396
Senegal,SEN,2014,13970314
Senegal,SEN,2015,14356191
Senegal,SEN,2016,14751356
Senegal,SEN,2017,15157793
Senegal,SEN,2018,15574910
Senegal,SEN,2019,16000783
Senegal,SEN,2020,16436120
Senegal,SEN,2021,16876726
Serbia,SRB,2014,7543965
Serbia,SRB,2015,7519501
Serbia,SRB,2016,7493288
Serbia,SRB,2017,7464882
Serbia,SRB,2018,7433825
Serbia,SRB,2019,7401056
Serbia,SRB,2020,7358010
Serbia,SRB,2021,7296771
Seychelles,SYC,2014,98016
Seychelles,SYC,2015,99260
Seychelles,SYC,2016,100521
Seychelles,SYC,2017,101828
Seychelles,SYC,2018,103120
Seychelles,SYC,2019,104386
Seychelles,SYC,2020,105545
Seychelles,SYC,2021,106486
Sierra Leone,SLE,2014,7140700
Sierra Leone,SLE,2015,7314779
Sierra Leone,SLE,2016,7493918
Sierra Leone,SLE,2017,7677570
Sierra Leone,SLE,2018,7861287
Sierra Leone,SLE,2019,8046830
Sierra Leone,SLE,2020,8233973
Sierra Leone,SLE,2021,8420642
Singapore,SGP,2014,5570505
Singapore,SGP,2015,5650020
Singapore,SGP,2016,5711936
Singapore,SGP,2017,5764489
Singapore,SGP,2018,5814543
Singapore,SGP,2019,5866408
Singapore,SGP,2020,5909874
Singapore,SGP,2021,5941063
Sint Maarten (Dutch part),SXM,2014,39124
Sint Maarten (Dutch part),SXM,2015,40228
Sint Maarten (Dutch part),SXM,2016,41365
Sint Maarten (Dutch part),SXM,2017,41901
Sint Maarten (Dutch part),SXM,2018,42268
Sint Maarten (Dutch part),SXM,2019,43002
Sint Maarten (Dutch part),SXM,2020,43638
Sint Maarten (Dutch part),SXM,2021,44061
Slovakia,SVK,2014,5419572
Slovakia,SVK,2015,5424449
Slovakia,SVK,2016,5431205
Slovakia,SVK,2017,5439418
Slovakia,SVK,2018,5446746
Slovakia,SVK,2019,5453932
Slovakia,SVK,2020,5456681
Slovakia,SVK,2021,5447621
Slovenia,SVN,2014,2074923
Slovenia,SVN,2015,2080865
Slovenia,SVN,2016,2090020
Slovenia,SVN,2017,2098396
Slovenia,SVN,2018,2105931
Slovenia,SVN,2019,2112905
Slovenia,SVN,2020,2117648
Slovenia,SVN,2021,2119408
Solomon Islands,SLB,2014,597386
Solomon Islands,SLB,2015,612670
Solomon Islands,SLB,2016,628110
Solomon Islands,SLB,2017,643641
Solomon Islands,SLB,2018,659259
Solomon Islands,SLB,2019,675000
Solomon Islands,SLB,2020,691198
Solomon Islands,SLB,2021,707855
Somalia,SOM,2014,13309236
Somalia,SOM,2015,13763909
Somalia,SOM,2016,14292848
Somalia,SOM,2017,14864224
Somalia,SOM,2018,15411101
Somalia,SOM,2019,15981312
Somalia,SOM,2020,16537018
Somalia,SOM,2021,17065588
South Africa,ZAF,2014,54729556
South Africa,ZAF,2015,55876504
South Africa,ZAF,2016,56422272
South Africa,ZAF,2017,56641208
South Africa,ZAF,2018,57339632
South Africa,ZAF,2019,58087060
South Africa,ZAF,2020,58801928
South Africa,ZAF,2021,59392256
South Korea,KOR,2014,50558044
South Korea,KOR,2015,50994396
South Korea,KOR,2016,51309984
South Korea,KOR,2017,51511640
South Korea,KOR,2018,51676900
South Korea,KOR,2019,51803832
South Korea,KOR,2020,51844688
South Korea,KOR,2021,51830136
South Sudan,SSD,2014,11213286
South Sudan,SSD,2015,11194300
South Sudan,SSD,2016,11066116
South Sudan,SSD,2017,10658230
South Sudan,SSD,2018,10395332
South Sudan,SSD,2019,10447677
South Sudan,SSD,2020,10606224
South Sudan,SSD,2021,10748278
Spain,ESP,2014,46464548
Spain,ESP,2015,46431344
Spain,ESP,2016,46473320
Spain,ESP,2017,46584168
Spain,ESP,2018,46792044
Spain,ESP,2019,47131372
Spain,ESP,2020,47363808
Spain,ESP,2021,47486932
Sri Lanka,LKA,2014,21239448
Sri Lanka,LKA,2015,21336692
Sri Lanka,LKA,2016,21425494
Sri Lanka,LKA,2017,21506816
Sri Lanka,LKA,2018,21580712
Sri Lanka,LKA,2019,21649664
Sri Lanka,LKA,2020,21715076
Sri Lanka,LKA,2021,21773438
Sudan,SDN,2014,37003248
Sudan,SDN,2015,38171172
Sudan,SDN,2016,39377168
Sudan,SDN,2017,40679820
Sudan,SDN,2018,41999064
Sudan,SDN,2019,43232092
Sudan,SDN,2020,44440484
Sudan,SDN,2021,45657204
Suriname,SUR,2014,569687
Suriname,SUR,2015,575478
Suriname,SUR,2016,581462
Suriname,SUR,2017,587566
Suriname,SUR,2018,593729
Suriname,SUR,2019,600305
Suriname,SUR,2020,607068
Suriname,SUR,2021,612989
Svalbard and Jan Mayen,SJM,2014,2400
Svalbard and Jan Mayen,SJM,2015,2400
Svalbard and Jan Mayen,SJM,2016,2400
Svalbard and Jan Mayen,SJM,2017,2400
Sweden,SWE,2014,9747507
Sweden,SWE,2015,9849344
Sweden,SWE,2016,9953322
Sweden,SWE,2017,10058191
Sweden,SWE,2018,10162300
Sweden,SWE,2019,10267922
Sweden,SWE,2020,10368968
Sweden,SWE,2021,10467095
Switzerland,CHE,2014,8187792
Switzerland,CHE,2015,8281735
Switzerland,CHE,2016,8372902
Switzerland,CHE,2017,8451688
Switzerland,CHE,2018,8514431
Switzerland,CHE,2019,8575593
Switzerland,CHE,2020,8638609
Switzerland,CHE,2021,8691409
Syria,SYR,2014,20072232
Syria,SYR,2015,19205178
Syria,SYR,2016,18964252
Syria,SYR,2017,18983370
Syria,SYR,2018,19333464
Syria,SYR,2019,20098252
Syria,SYR,2020,20772602
Syria,SYR,2021,21324366
Taiwan,TWN,2014,23422504
Taiwan,TWN,2015,23512136
Taiwan,TWN,2016,23594476
Taiwan,TWN,2017,23665028
Taiwan,TWN,2018,23726186
Taiwan,TWN,2019,23777742
Taiwan,TWN,2020,23821468
Taiwan,TWN,2021,23859904
Tajikistan,TJK,2014,8326354
Tajikistan,TJK,2015,8524066
Tajikistan,TJK,2016,8725326
Tajikistan,TJK,2017,8925529
Tajikistan,TJK,2018,9128131
Tajikistan,TJK,2019,9337008
Tajikistan,TJK,2020,9543211
Tajikistan,TJK,2021,9750078
Tanzania,TZA,2014,50814552
Tanzania,TZA,2015,52542824
Tanzania,TZA,2016,54401804
Tanzania,TZA,2017,56267040
Tanzania,TZA,2018,58090444
Tanzania,TZA,2019,59872584
Tanzania,TZA,2020,61704520
Tanzania,TZA,2021,63588332
Thailand,THA,2014,69960944
Thailand,THA,2015,70294408
Thailand,THA,2016,70607032
Thailand,THA,2017,70898208
Thailand,THA,2018,71127808
Thailand,THA,2019,71307768
Thailand,THA,2020,71475664
Thailand,THA,2021,71601104
Togo,TGO,2014,7288381
Togo,TGO,2015,7473232
Togo,TGO,2016,7661361
Togo,TGO,2017,7852799
Togo,TGO,2018,8046680
Togo,TGO,2019,8243093
Togo,TGO,2020,8442583
Togo,TGO,2021,8644829
Tokelau,TKL,2014,1517
Tokelau,TKL,2015,1480
Tokelau,TKL,2016,1447
Tokelau,TKL,2017,1512
Tokelau,TKL,2018,1645
Tokelau,TKL,2019,1775
Tokelau,TKL,2020,1845
Tokelau,TKL,2021,1869
Tonga,TON,2014,106639
Tonga,TON,2015,106140
Tonga,TON,2016,105721
Tonga,TON,2017,105430
Tonga,TON,2018,105167
Tonga,TON,2019,104965
Tonga,TON,2020,105265
Tonga,TON,2021,106034
Trinidad and Tobago,TTO,2014,1450663
Trinidad and Tobago,TTO,2015,1460180
Trinidad and Tobago,TTO,2016,1469334
Trinidad and Tobago,TTO,2017,1478616
Trinidad and Tobago,TTO,2018,1504707
Trinidad and Tobago,TTO,2019,1519960
Trinidad and Tobago,TTO,2020,1518142
Trinidad and Tobago,TTO,2021,1525671
Tunisia,TUN,2014,11428953
Tunisia,TUN,2015,11557779
Tunisia,TUN,2016,11685666
Tunisia,TUN,2017,11811441
Tunisia,TUN,2018,11933040
Tunisia,TUN,2019,12049319
Tunisia,TUN,2020,12161720
Tunisia,TUN,2021,12262949
Turkey,TUR,2014,78112064
Turkey,TUR,2015,79646176
Turkey,TUR,2016,81019400
Turkey,TUR,2017,82089824
Turkey,TUR,2018,82809304
Turkey,TUR,2019,83481688
Turkey,TUR,2020,84135432
Turkey,TUR,2021,84775408
Turkmenistan,TKM,2014,5663159
Turkmenistan,TKM,2015,5766427
Turkmenistan,TKM,2016,5868568
Turkmenistan,TKM,2017,5968388
Turkmenistan,TKM,2018,6065072
Turkmenistan,TKM,2019,6158424
Turkmenistan,TKM,2020,6250442
Turkmenistan,TKM,2021,6341850
Turks and Caicos Islands,TCA,2014,35014
Turks and Caicos Islands,TCA,2015,36556
Turks and Caicos Islands,TCA,2016,38267
Turks and Caicos Islands,TCA,2017,39865
Turks and Caicos Islands,TCA,2018,41516
Turks and Caicos Islands,TCA,2019,43104
Turks and Caicos Islands,TCA,2020,44297
Turks and Caicos Islands,TCA,2021,45141
Tuvalu,TUV,2014,10922
Tuvalu,TUV,2015,10896
Tuvalu,TUV,2016,10876
Tuvalu,TUV,2017,10850
Tuvalu,TUV,2018,10883
Tuvalu,TUV,2019,10983
Tuvalu,TUV,2020,11090
Tuvalu,TUV,2021,11229
Uganda,UGA,2014,36336544
Uganda,UGA,2015,37477356
Uganda,UGA,2016,38748308
Uganda,UGA,2017,40127096
Uganda,UGA,2018,41515400
Uganda,UGA,2019,42949076
Uganda,UGA,2020,44404608
Uganda,UGA,2021,45853780
Ukraine,UKR,2014,45148072
Ukraine,UKR,2015,44982568
Ukraine,UKR,2016,44833568
Ukraine,UKR,2017,44657260
Ukraine,UKR,2018,44446952
Ukraine,UKR,2019,44211100
Ukraine,UKR,2020,43909664
Ukraine,UKR,2021,43531424
United Arab Emirates,ARE,2014,8835957
United Arab Emirates,ARE,2015,8916909
United Arab Emirates,ARE,2016,8994266
United Arab Emirates,ARE,2017,9068297
United Arab Emirates,ARE,2018,9140172
United Arab Emirates,ARE,2019,9211660
United Arab Emirates,ARE,2020,9287286
United Arab Emirates,ARE,2021,9365149
United Kingdom,GBR,2014,64773504
United Kingdom,GBR,2015,65224368
United Kingdom,GBR,2016,65655204
United Kingdom,GBR,2017,66064808
United Kingdom,GBR,2018,66432996
United Kingdom,GBR,2019,66778660
United Kingdom,GBR,2020,67059472
United Kingdom,GBR,2021,67281040
United States,USA,2014,322033952
United States,USA,2015,324607776
United States,USA,2016,327210208
United States,USA,2017,329791232
United States,USA,2018,332140032
United States,USA,2019,334319680
United States,USA,2020,335942016
United States,USA,2021,336997632
United States Virgin Islands,VIR,2014,103393
United States Virgin Islands,VIR,2015,102808
United States Virgin Islands,VIR,2016,102330
United States Virgin Islands,VIR,2017,101860
United States Virgin Islands,VIR,2018,101377
United States Virgin Islands,VIR,2019,100837
United States Virgin Islands,VIR,2020,100452
United States Virgin Islands,VIR,2021,100100
Uruguay,URY,2014,3391660
Uruguay,URY,2015,3402820
Uruguay,URY,2016,3413768
Uruguay,URY,2017,3422205
Uruguay,URY,2018,3427044
Uruguay,URY,2019,3428412
Uruguay,URY,2020,3429087
Uruguay,URY,2021,3426265
Uzbekistan,UZB,2014,30446542
Uzbekistan,UZB,2015,30949416
Uzbekistan,UZB,2016,31453576
Uzbekistan,UZB,2017,31945680
Uzbekistan,UZB,2018,32449578
Uzbekistan,UZB,2019,32976946
Uzbekistan,UZB,2020,33526662
Uzbekistan,UZB,2021,34081452
Vanuatu,VUT,2014,269942
Vanuatu,VUT,2015,276450
Vanuatu,VUT,2016,283239
Vanuatu,VUT,2017,290250
Vanuatu,VUT,2018,297307
Vanuatu,VUT,2019,304414
Vanuatu,VUT,2020,311694
Vanuatu,VUT,2021,319146
Venezuela,VEN,2014,30193260
Venezuela,VEN,2015,30529722
Venezuela,VEN,2016,30741464
Venezuela,VEN,2017,30563430
Venezuela,VEN,2018,29825652
Venezuela,VEN,2019,28971686
Venezuela,VEN,2020,28490458
Venezuela,VEN,2021,28199862
Vietnam,VNM,2014,91235504
Vietnam,VNM,2015,92191400
Vietnam,VNM,2016,93126528
Vietnam,VNM,2017,94033048
Vietnam,VNM,2018,94914328
Vietnam,VNM,2019,95776712
Vietnam,VNM,2020,96648680
Vietnam,VNM,2021,97468024
Wallis and Futuna,WLF,2014,12335
Wallis and Futuna,WLF,2015,12208
Wallis and Futuna,WLF,2016,12086
Wallis and Futuna,WLF,2017,11961
Wallis and Futuna,WLF,2018,11840
Wallis and Futuna,WLF,2019,11735
Wallis and Futuna,WLF,2020,11679
Wallis and Futuna,WLF,2021,11654
Western Sahara,ESH,2014,478023
Western Sahara,ESH,2015,491837
Western Sahara,ESH,2016,505461
Western Sahara,ESH,2017,518867
Western Sahara,ESH,2018,532011
Western Sahara,ESH,2019,544883
Western Sahara,ESH,2020,556060
Western Sahara,ESH,2021,565590
World,OWID_WRL,2014,7339013632
World,OWID_WRL,2015,7426597376
World,OWID_WRL,2016,7513474048
World,OWID_WRL,2017,7599822336
World,OWID_WRL,2018,7683789824
World,OWID_WRL,2019,7764951040
World,OWID_WRL,2020,7840952832
World,OWID_WRL,2021,7909295104
Yemen,YEM,2014,27753310
Yemen,YEM,2015,28516552
Yemen,YEM,2016,29274010
Yemen,YEM,2017,30034386
Yemen,YEM,2018,30790514
Yemen,YEM,2019,31546694
Yemen,YEM,2020,32284044
Yemen,YEM,2021,32981644
Zambia,ZMB,2014,15737796
Zambia,ZMB,2015,16248231
Zambia,ZMB,2016,16767758
Zambia,ZMB,2017,17298056
Zambia,ZMB,2018,17835898
Zambia,ZMB,2019,18380478
Zambia,ZMB,2020,18927716
Zambia,ZMB,2021,19473132
Zimbabwe,ZWE,2014,13855758
Zimbabwe,ZWE,2015,14154937
Zimbabwe,ZWE,2016,14452705
Zimbabwe,ZWE,2017,14751101
Zimbabwe,ZWE,2018,15052191
Zimbabwe,ZWE,2019,15354606
Zimbabwe,ZWE,2020,15669663
Zimbabwe,ZWE,2021,15993525
